"hour_of_day","member_casual","total_rides"
0,casual,46729
0,member,37307
1,casual,30692
1,member,22734
2,casual,19410
2,member,13418
3,casual,11094
3,member,8747
4,casual,8862
4,member,9853
5,casual,13901
5,member,38464
6,casual,29744
6,member,112210
7,casual,53705
7,member,222028
8,casual,76939
8,member,287997
9,casual,73658
9,member,180775
10,casual,88193
10,member,154465
11,casual,112869
11,member,179682
12,casual,135886
12,member,206734
13,casual,140583
13,member,204576
14,casual,145513
14,member,205120
15,casual,160979
15,member,261273
16,casual,187538
16,member,373507
17,casual,204507
17,member,426718
18,casual,176736
18,member,335341
19,casual,132667
19,member,231984
20,casual,98193
20,member,162998
21,casual,84522
21,member,128046
22,casual,73468
22,member,93288
23,casual,53737
23,member,58289
