"month","month_name","member_casual","total_rides","pct_of_rider_type"
2025-09-01,Sep 2025,casual,265268,12.28
2025-09-01,Sep 2025,member,449294,11.36
2025-10-01,Oct 2025,casual,224038,10.37
2025-10-01,Oct 2025,member,422058,10.67
2025-11-01,Nov 2025,casual,99091,4.59
2025-11-01,Nov 2025,member,257421,6.51
2025-12-01,Dec 2025,casual,28090,1.30
2025-12-01,Dec 2025,member,112455,2.84
2026-01-01,Jan 2026,casual,24740,1.15
2026-01-01,Jan 2026,member,113042,2.86
2026-02-01,Feb 2026,casual,41173,1.91
2026-02-01,Feb 2026,member,160281,4.05
2026-03-01,Mar 2026,casual,87850,4.07
2026-03-01,Mar 2026,member,229165,5.79
2026-04-01,Apr 2026,casual,131514,6.09
2026-04-01,Apr 2026,member,316738,8.01
2026-05-01,May 2026,casual,245143,11.35
2026-05-01,May 2026,member,408604,10.33
2026-06-01,Jun 2026,casual,308487,14.28
2026-06-01,Jun 2026,member,454108,11.48
2026-07-01,Jul 2026,casual,357779,16.56
2026-07-01,Jul 2026,member,511322,12.93
2026-08-01,Aug 2026,casual,346952,16.06
2026-08-01,Aug 2026,member,521066,13.17
